Nombre preferido,Nombre completo,Nombre vernacular,Variantes,Nombre de pila,Apellido,Apellido paterno,Apellido materno,Appelido casada,Fecha de nacimiento,Sexo,Puesto de trabajo,Afiliación principal,Grupos de trabajo,Web personal,Email,Teléfono,Teléfono móvil,Intereses,ORCID,Dina,Dni,Pasaporte,Tarjeta de inmigración,Renacyt,ID Scopus del autor,IDs Investigador,Afiliaciones,Biografía,Educación,País,Cualificaciones,Idiomas,Ubigeo reniec,Ubigeo,Calle de residencia,Código postal,País de residencia
"John Smith","John Smith","JOHN SMITH","J.S.||Smith John","John","Smith","","","","1992-06-26","M","Researcher","University","First work group||Second work group","www.test.com/Test||www.john-smith.com||www.site.com/Site","test@test.com","0744112233","3201122333","Science","0000-0002-9079-5932","","DNI-01","PASS-01","","","111","r1||r2","Company/2018-01-01//Developer","Biography: 
""This is my biography""","School/2000-01-01/2005-01-01/Student","England","First Qualification/2015-01-01/2016-01-01||Second Qualification/2016-01-02","English||Italian","","12345","Via 1 maggio","05100","IT"
"Edward Red","","","","Edward","Red","","","","1982-05-21","M","","","","","","","","","","","","","","","","","OrgUnit/2015-01-01//Developer","","","","","","","","","",""
"Adam White","","","","Adam","White","","","","1962-03-23","M","Researcher","University of Rome","","","","","","","","","","","","","","","","","School/2000-01-01/2005-01-01/Student","","","English||Italian","","","","",""
