oecd::Ciencias naturales = Ciencias naturales
oecd::Ciencias naturales::Matemáticas = Matemáticas
oecd::Ciencias naturales::Matemáticas::Matemáticas puras = Matemáticas puras
oecd::Ciencias naturales::Matemáticas::Matemáticas aplicadas = Matemáticas aplicadas
oecd::Ciencias naturales::Matemáticas::Estadísticas, Probabilidad = Estadísticas, Probabilidad
oecd::Ciencias naturales::Informática y Ciencias de la Información = Informática y Ciencias de la Información
oecd::Ciencias naturales::Informática y Ciencias de la Información::Ciencias de la computación = Informática y Ciencias de la Información
oecd::Ciencias naturales::Informática y Ciencias de la Información::Ciencias de la información = Informática y Ciencias de la Información
oecd::Ciencias naturales::Informática y Ciencias de la Información::Bioinformática = Informática y Ciencias de la Información
oecd::Ciencias naturales::Física y Astronomía = Física y Astronomía
oecd::Ciencias naturales::Física y Astronomía::Física atómica, molecular y química = Física atómica, molecular y química
oecd::Ciencias naturales::Física y Astronomía::Física de la materia condensada = Física de la materia condensada
oecd::Ciencias naturales::Física y Astronomía::Física de partículas, Campos de la Física = Física de partículas, Campos de la Física
oecd::Ciencias naturales::Física y Astronomía::Física nuclear = Física nuclear
oecd::Ciencias naturales::Física y Astronomía::Física de plasmas y fluídos = Física de plasmas y fluídos
oecd::Ciencias naturales::Física y Astronomía::Óptica = Óptica
oecd::Ciencias naturales::Física y Astronomía::Acústica = Acústica
oecd::Ciencias naturales::Física y Astronomía::Astronomía = Astronomía
oecd::Ciencias naturales::Química = Química
oecd::Ciencias naturales::Química::Química orgánica = Química orgánica
oecd::Ciencias naturales::Química::Química inorgánica, Química nuclear = Química inorgánica, Química nuclear
oecd::Ciencias naturales::Química::Química física = Química física
oecd::Ciencias naturales::Química::Ciencia de los polímeros = Ciencia de los polímeros
oecd::Ciencias naturales::Química::Electroquímica = Electroquímica
oecd::Ciencias naturales::Química::Química coloidal = Química coloidal
oecd::Ciencias naturales::Química::Química analítica = Química analítica
oecd::Ciencias naturales::Ciencias de la Tierra, Ciencias ambientales = Ciencias de la Tierra, Ciencias ambientales
oecd::Ciencias naturales::Ciencias de la Tierra, Ciencias ambientales::Geociencias, Multidisciplinar = Geociencias, Multidisciplinar
oecd::Ciencias naturales::Ciencias de la Tierra, Ciencias ambientales::Mineralogía = Mineralogía
oecd::Ciencias naturales::Ciencias de la Tierra, Ciencias ambientales::Paleontología = Paleontología
oecd::Ciencias naturales::Ciencias de la Tierra, Ciencias ambientales::Geoquímica, Geofísica = Geoquímica, Geofísica
oecd::Ciencias naturales::Ciencias de la Tierra, Ciencias ambientales::Geografía física = Geografía física
oecd::Ciencias naturales::Ciencias de la Tierra, Ciencias ambientales::Geología = Geología
oecd::Ciencias naturales::Ciencias de la Tierra, Ciencias ambientales::Vulcanología = Vulcanología
oecd::Ciencias naturales::Ciencias de la Tierra, Ciencias ambientales::Ciencias del medio ambiente = Ciencias del medio ambiente
oecd::Ciencias naturales::Ciencias de la Tierra, Ciencias ambientales::Meteorología y ciencias atmosféricas = Meteorología y ciencias atmosféricas
oecd::Ciencias naturales::Ciencias de la Tierra, Ciencias ambientales::Investigación climática = Investigación climática
oecd::Ciencias naturales::Ciencias de la Tierra, Ciencias ambientales::Oceanografía, Hidrología, Recursos hídricos = Oceanografía, Hidrología, Recursos hídricos
oecd::Ciencias naturales::Biología = Biología
oecd::Ciencias naturales::Biología::Biología celular, Microbiología = Biología celular, Microbiología
oecd::Ciencias naturales::Biología::Virología = Virología
oecd::Ciencias naturales::Biología::Bioquímica, Biología molecular = Bioquímica, Biología molecular
oecd::Ciencias naturales::Biología::Métodos de investigación bioquímica = Métodos de investigación bioquímica
oecd::Ciencias naturales::Biología::Micología = Micología
oecd::Ciencias naturales::Biología::Biofísica = Biofísica
oecd::Ciencias naturales::Biología::Genética, Herencia = Genética, Herencia
oecd::Ciencias naturales::Biología::Biología reproductiva = Biología reproductiva
oecd::Ciencias naturales::Biología::Biología del desarrollo = Biología del desarrollo
oecd::Ciencias naturales::Biología::Ciencias de las plantas, Botánica = Ciencias de las plantas, Botánica
oecd::Ciencias naturales::Biología::Zoología, Ornitología, Entomología, ciencias biológicas del comportamiento = Zoología, Ornitología, Entomología, ciencias biológicas del comportamiento
oecd::Ciencias naturales::Biología::Biología marina, Biología de agua dulce, Limnología = Biología marina, Biología de agua dulce, Limnología
oecd::Ciencias naturales::Biología::Ecología = Ecología
oecd::Ciencias naturales::Biología::Conservación de la Biodiversidad = Conservación de la Biodiversidad
oecd::Ciencias naturales::Biología::Biología (teórica, matemática, térmica, criobiología, ritmo biológico), Biología evolutiva = Biología (teórica, matemática, térmica, criobiología, ritmo biológico), Biología evolutiva
oecd::Ciencias naturales::Biología::Otros temas de Biología = Otros temas de Biología
oecd::Ciencias naturales::Otras ciencias naturales = Otras ciencias naturales
oecd::Ingeniería, Tecnología = Ingeniería, Tecnología
oecd::Ingeniería, Tecnología::Ingeniería civil = Ingeniería civil
oecd::Ingeniería, Tecnología::Ingeniería civil::Ingeniería civil = Ingeniería civil
oecd::Ingeniería, Tecnología::Ingeniería civil::Ingeniería arquitectónica = Ingeniería arquitectónica
oecd::Ingeniería, Tecnología::Ingeniería civil::Ingeniería de la construcción = Ingeniería de la construcción
oecd::Ingeniería, Tecnología::Ingeniería civil::Ingeniería estructural y municipal = Ingeniería estructural y municipal
oecd::Ingeniería, Tecnología::Ingeniería civil::Ingeniería del transporte = Ingeniería del transporte
oecd::Ingeniería, Tecnología::Ingeniería eléctrica, Ingeniería electrónica = Ingeniería eléctrica, Ingeniería electrónica
oecd::Ingeniería, Tecnología::Ingeniería eléctrica, Ingeniería electrónica::Ingeniería eléctrica, Ingeniería electrónica = Ingeniería eléctrica, Ingeniería electrónica
oecd::Ingeniería, Tecnología::Ingeniería eléctrica, Ingeniería electrónica::Robótica, Control automático = Robótica, Control automático
oecd::Ingeniería, Tecnología::Ingeniería eléctrica, Ingeniería electrónica::Sistemas de automatización, Sistemas de control = Sistemas de automatización, Sistemas de control
oecd::Ingeniería, Tecnología::Ingeniería eléctrica, Ingeniería electrónica::Ingeniería de sistemas y comunicaciones = Ingeniería de sistemas y comunicaciones
oecd::Ingeniería, Tecnología::Ingeniería eléctrica, Ingeniería electrónica::Telecomunicaciones = Telecomunicaciones
oecd::Ingeniería, Tecnología::Ingeniería eléctrica, Ingeniería electrónica::Hardware, Arquitectura de computadoras = Hardware, Arquitectura de computadoras
oecd::Ingeniería, Tecnología::Ingeniería mecánica = Ingeniería mecánica
oecd::Ingeniería, Tecnología::Ingeniería mecánica::Ingeniería mecánica = Ingeniería mecánica
oecd::Ingeniería, Tecnología::Ingeniería mecánica::Mecánica aplicada = Mecánica aplicada
oecd::Ingeniería, Tecnología::Ingeniería mecánica::Termodinámica = Termodinámica
oecd::Ingeniería, Tecnología::Ingeniería mecánica::Ingeniería aeroespacial = Ingeniería aeroespacial
oecd::Ingeniería, Tecnología::Ingeniería mecánica::Ingeniería relacionada con la energía nuclear = Ingeniería relacionada con la energía nuclear
oecd::Ingeniería, Tecnología::Ingeniería mecánica::Ingeniería de audio, Análisis de confiabilidad = Ingeniería de audio, Análisis de confiabilidad
oecd::Ingeniería, Tecnología::Ingeniería química = Ingeniería química
oecd::Ingeniería, Tecnología::Ingeniería química::Ingeniería química = Ingeniería química
oecd::Ingeniería, Tecnología::Ingeniería química::Ingeniería de procesos = Ingeniería de procesos
oecd::Ingeniería, Tecnología::Ingeniería de materiales = Ingeniería de materiales
oecd::Ingeniería, Tecnología::Ingeniería de materiales::Ingeniería de materiales = Ingeniería de materiales
oecd::Ingeniería, Tecnología::Ingeniería de materiales::Cerámica = Cerámica
oecd::Ingeniería, Tecnología::Ingeniería de materiales::Recubrimiento, Películas = Recubrimiento, Películas
oecd::Ingeniería, Tecnología::Ingeniería de materiales::Compuestos = Compuestos
oecd::Ingeniería, Tecnología::Ingeniería de materiales::Papel, Madera = Papel, Madera
oecd::Ingeniería, Tecnología::Ingeniería de materiales::Textiles = Textiles
oecd::Ingeniería, Tecnología::Ingeniería de materiales::Incluidos colorantes sintéticos, Colores, Fibras = Incluidos colorantes sintéticos, Colores, Fibras
oecd::Ingeniería, Tecnología::Ingeniería médica = Ingeniería médica
oecd::Ingeniería, Tecnología::Ingeniería médica::Ingeniería médica = Ingeniería médica
oecd::Ingeniería, Tecnología::Ingeniería médica::Tecnología médica de laboratorio (análisis de muestras, tecnologías para el diagnóstico) = Tecnología médica de laboratorio (análisis de muestras, tecnologías para el diagnóstico)
oecd::Ingeniería, Tecnología::Ingeniería ambiental = Ingeniería ambiental
oecd::Ingeniería, Tecnología::Ingeniería ambiental::Ingeniería ambiental y geológica = Ingeniería ambiental y geológica
oecd::Ingeniería, Tecnología::Ingeniería ambiental::Geotecnia = Geotecnia
oecd::Ingeniería, Tecnología::Ingeniería ambiental::Ingeniería del Petróleo, (combustibles, aceites), Energía, Combustibles = Ingeniería del Petróleo, (combustibles, aceites), Energía, Combustibles
oecd::Ingeniería, Tecnología::Ingeniería ambiental::Sensores remotos = Sensores remotos
oecd::Ingeniería, Tecnología::Ingeniería ambiental::Minería, Procesamiento de minerales = Minería, Procesamiento de minerales
oecd::Ingeniería, Tecnología::Ingeniería ambiental::Ingeniería marina, naves = Ingeniería marina, naves
oecd::Ingeniería, Tecnología::Ingeniería ambiental::Ingeniería oceanográfica = Ingeniería oceanográfica
oecd::Ingeniería, Tecnología::Biotecnología ambiental = Biotecnología ambiental
oecd::Ingeniería, Tecnología::Biotecnología ambiental::Biotecnología ambiental = Biotecnología ambiental
oecd::Ingeniería, Tecnología::Biotecnología ambiental::Biorremediación, Biotecnologías de diagnóstico en la gestión ambiental = Biorremediación, Biotecnologías de diagnóstico en la gestión ambiental
oecd::Ingeniería, Tecnología::Biotecnología ambiental::Ética relacionada con la biotecnología ambiental = Ética relacionada con la biotecnología ambiental
oecd::Ingeniería, Tecnología::Biotecnología industrial = Biotecnología industrial
oecd::Ingeniería, Tecnología::Biotecnología industrial::Biotecnología industrial = Biotecnología industrial
oecd::Ingeniería, Tecnología::Biotecnología industrial::Tecnologías de bioprocesamiento, Biocatálisis, Fermentación = Tecnologías de bioprocesamiento, Biocatálisis, Fermentación
oecd::Ingeniería, Tecnología::Biotecnología industrial::Bioproductos (productos que se manufacturan usando biotecnología), biomateriales, bioplásticos, biocombustibles, materiales nuevos bioderivados, químicos finos bioredivados = Bioproductos (productos que se manufacturan usando biotecnología), biomateriales, bioplásticos, biocombustibles, materiales nuevos bioderivados, químicos finos bioredivados
oecd::Ingeniería, Tecnología::Nano-tecnología = Nano-tecnología
oecd::Ingeniería, Tecnología::Nano-tecnología::Nano-materiales = Nano-materiales
oecd::Ingeniería, Tecnología::Nano-tecnología::Nano-procesos = Nano-procesos
oecd::Ingeniería, Tecnología::Otras ingenierías, Otras tecnologías = Otras ingenierías, Otras tecnologías
oecd::Ingeniería, Tecnología::Otras ingenierías, Otras tecnologías::Alimentos y bebidas = Alimentos y bebidas
oecd::Ingeniería, Tecnología::Otras ingenierías, Otras tecnologías::Otras ingenierías y tecnologías = Otras ingenierías y tecnologías
oecd::Ingeniería, Tecnología::Otras ingenierías, Otras tecnologías::Ingeniería de producción = Ingeniería de producción
oecd::Ingeniería, Tecnología::Otras ingenierías, Otras tecnologías::Ingeniería industrial = Ingeniería industrial
oecd::Ciencias médicas, Ciencias de la salud = Ciencias médicas, Ciencias de la salud
oecd::Ciencias médicas, Ciencias de la salud::Medicina básica = Medicina básica
oecd::Ciencias médicas, Ciencias de la salud::Medicina básica::Anatomía, Morfología = Anatomía, Morfología
oecd::Ciencias médicas, Ciencias de la salud::Medicina básica::Genética humana = Genética humana
oecd::Ciencias médicas, Ciencias de la salud::Medicina básica::Inmunología = Inmunología
oecd::Ciencias médicas, Ciencias de la salud::Medicina básica::Neurociencias = Neurociencias
oecd::Ciencias médicas, Ciencias de la salud::Medicina básica::Farmacología, Farmacia = Farmacología, Farmacia
oecd::Ciencias médicas, Ciencias de la salud::Medicina básica::Química medicinal = Química medicinal
oecd::Ciencias médicas, Ciencias de la salud::Medicina básica::Toxicología = Toxicología
oecd::Ciencias médicas, Ciencias de la salud::Medicina básica::Fisiología = Fisiología
oecd::Ciencias médicas, Ciencias de la salud::Medicina básica::Patología = Patología
oecd::Ciencias médicas, Ciencias de la salud::Medicina clínica = Medicina clínica
oecd::Ciencias médicas, Ciencias de la salud::Medicina clínica::Andrología = Andrología
oecd::Ciencias médicas, Ciencias de la salud::Medicina clínica::Obstetricia, Ginecología = Obstetricia, Ginecología
oecd::Ciencias médicas, Ciencias de la salud::Medicina clínica::Pediatría = Pediatría
oecd::Ciencias médicas, Ciencias de la salud::Medicina clínica::Sistema cardiaco, Sistema cardiovascular = Sistema cardiaco, Sistema cardiovascular
oecd::Ciencias médicas, Ciencias de la salud::Medicina clínica::Enfermedad vascular periférica = Enfermedad vascular periférica
oecd::Ciencias médicas, Ciencias de la salud::Medicina clínica::Hematología = Hematología
oecd::Ciencias médicas, Ciencias de la salud::Medicina clínica::Sistema respiratorio = Sistema respiratorio
oecd::Ciencias médicas, Ciencias de la salud::Medicina clínica::Cuidado crítico y de emergencia = Cuidado crítico y de emergencia
oecd::Ciencias médicas, Ciencias de la salud::Medicina clínica::Anestesiología = Anestesiología
oecd::Ciencias médicas, Ciencias de la salud::Medicina clínica::Ortopedía = Ortopedía
oecd::Ciencias médicas, Ciencias de la salud::Medicina clínica::Cirugía = Cirugía
oecd::Ciencias médicas, Ciencias de la salud::Medicina clínica::Radiología, Medicina nuclear, Imágenes médicas = Radiología, Medicina nuclear, Imágenes médicas
oecd::Ciencias médicas, Ciencias de la salud::Medicina clínica::Trasplante = Trasplante
oecd::Ciencias médicas, Ciencias de la salud::Medicina clínica::Odontología, Cirugía oral, Medicina oral = Odontología, Cirugía oral, Medicina oral
oecd::Ciencias médicas, Ciencias de la salud::Medicina clínica::Dermatología, Enfermedades venéreas = Dermatología, Enfermedades venéreas
oecd::Ciencias médicas, Ciencias de la salud::Medicina clínica::Alergia = Alergia
oecd::Ciencias médicas, Ciencias de la salud::Medicina clínica::Reumatología = Reumatología
oecd::Ciencias médicas, Ciencias de la salud::Medicina clínica::Endocrinología, Metabolismo (incluyendo diabetes, hormonas) = Endocrinología, Metabolismo (incluyendo diabetes, hormonas)
oecd::Ciencias médicas, Ciencias de la salud::Medicina clínica::Gastroenterología, Hepatología = Gastroenterología, Hepatología
oecd::Ciencias médicas, Ciencias de la salud::Medicina clínica::Urología, Nefrología = Urología, Nefrología
oecd::Ciencias médicas, Ciencias de la salud::Medicina clínica::Oncología = Oncología
oecd::Ciencias médicas, Ciencias de la salud::Medicina clínica::Oftalmología = Oftalmología
oecd::Ciencias médicas, Ciencias de la salud::Medicina clínica::Otorrinolaringología = Otorrinolaringología
oecd::Ciencias médicas, Ciencias de la salud::Medicina clínica::Psiquiatría = Psiquiatría
oecd::Ciencias médicas, Ciencias de la salud::Medicina clínica::Neurología clínica = Neurología clínica
oecd::Ciencias médicas, Ciencias de la salud::Medicina clínica::Geriatría, Gerontología = Geriatría, Gerontología
oecd::Ciencias médicas, Ciencias de la salud::Medicina clínica::Medicina general, Medicina interna = Medicina general, Medicina interna
oecd::Ciencias médicas, Ciencias de la salud::Medicina clínica::Otros temas de medicina clínica = Otros temas de medicina clínica
oecd::Ciencias médicas, Ciencias de la salud::Medicina clínica::Medicina integral, Medicina complementaria = Medicina integral, Medicina complementaria
oecd::Ciencias médicas, Ciencias de la salud::Ciencias de la salud = Ciencias de la salud
oecd::Ciencias médicas, Ciencias de la salud::Ciencias de la salud::Ciencias del cuidado de la salud y servicios (administración de hospitales, financiamiento) = Ciencias del cuidado de la salud y servicios (administración de hospitales, financiamiento)
oecd::Ciencias médicas, Ciencias de la salud::Ciencias de la salud::Políticas de salud, Servicios de salud = Políticas de salud, Servicios de salud
oecd::Ciencias médicas, Ciencias de la salud::Ciencias de la salud::Enfermería = Enfermería
oecd::Ciencias médicas, Ciencias de la salud::Ciencias de la salud::Nutrición, Dietética = Nutrición, Dietética
oecd::Ciencias médicas, Ciencias de la salud::Ciencias de la salud::Salud pública, Salud ambiental = Salud pública, Salud ambiental
oecd::Ciencias médicas, Ciencias de la salud::Ciencias de la salud::Medicina tropical = Medicina tropical
oecd::Ciencias médicas, Ciencias de la salud::Ciencias de la salud::Parasitología = Parasitología
oecd::Ciencias médicas, Ciencias de la salud::Ciencias de la salud::Enfermedades infecciosas = Enfermedades infecciosas
oecd::Ciencias médicas, Ciencias de la salud::Ciencias de la salud::Epidemiología = Epidemiología
oecd::Ciencias médicas, Ciencias de la salud::Ciencias de la salud::Salud ocupacional = Salud ocupacional
oecd::Ciencias médicas, Ciencias de la salud::Ciencias de la salud::Ciencias del deporte y la aptitud física = Ciencias del deporte y la aptitud física
oecd::Ciencias médicas, Ciencias de la salud::Ciencias de la salud::Ciencias socio biomédicas (planificación familiar, salud sexual, efectos políticos y sociales de la investigación biomédica) = Ciencias socio biomédicas (planificación familiar, salud sexual, efectos políticos y sociales de la investigación biomédica)
oecd::Ciencias médicas, Ciencias de la salud::Ciencias de la salud::Ética = Ética
oecd::Ciencias médicas, Ciencias de la salud::Ciencias de la salud::Abuso de sustancias = Abuso de sustancias
oecd::Ciencias médicas, Ciencias de la salud::Biotecnología médica = Biotecnología médica
oecd::Ciencias médicas, Ciencias de la salud::Biotecnología médica::Biotecnología relacionada con la salud = Biotecnología relacionada con la salud
oecd::Ciencias médicas, Ciencias de la salud::Biotecnología médica::Tecnologías que implican la manipulación de células, tejidos, órganos o todo el organismo = Tecnologías que implican la manipulación de células, tejidos, órganos o todo el organismo
oecd::Ciencias médicas, Ciencias de la salud::Biotecnología médica::Tecnología para la identificación y funcionamiento del ADN, proteínas y enzimas y como influencian la enfermedad) = Tecnología para la identificación y funcionamiento del ADN, proteínas y enzimas y como influencian la enfermedad)
oecd::Ciencias médicas, Ciencias de la salud::Biotecnología médica::Biomateriales = Biomateriales
oecd::Ciencias médicas, Ciencias de la salud::Biotecnología médica::Ética relacionada con la biotecnología médica = Ética relacionada con la biotecnología médica
oecd::Ciencias médicas, Ciencias de la salud::Otras ciencias médicas = Otras ciencias médicas
oecd::Ciencias médicas, Ciencias de la salud::Otras ciencias médicas::Ciencia forense = Ciencia forense
oecd::Ciencias médicas, Ciencias de la salud::Otras ciencias médicas::Otras ciencias médicas = Otras ciencias médicas
oecd::Ciencias médicas, Ciencias de la salud::Otras ciencias médicas::Fonoaudiología = Fonoaudiología
oecd::Ciencias agrícolas = Ciencias agrícolas
oecd::Ciencias agrícolas::Agricultura, Silvicultura, Pesquería = Agricultura, Silvicultura, Pesquería
oecd::Ciencias agrícolas::Agricultura, Silvicultura, Pesquería::Agricultura = Agricultura
oecd::Ciencias agrícolas::Agricultura, Silvicultura, Pesquería::Forestal = Forestal
oecd::Ciencias agrícolas::Agricultura, Silvicultura, Pesquería::Pesquería = Pesquería
oecd::Ciencias agrícolas::Agricultura, Silvicultura, Pesquería::Ciencia del suelo = Ciencia del suelo
oecd::Ciencias agrícolas::Agricultura, Silvicultura, Pesquería::Horticultura, Viticultura = Horticultura, Viticultura
oecd::Ciencias agrícolas::Agricultura, Silvicultura, Pesquería::Agronomía = Agronomía
oecd::Ciencias agrícolas::Agricultura, Silvicultura, Pesquería::Protección y nutrición de las plantas = Protección y nutrición de las plantas
oecd::Ciencias agrícolas::Agricultura, Silvicultura, Pesquería::Acuicultura = Acuicultura
oecd::Ciencias agrícolas::Ciencia animal, Ciencia de productos lácteos = Ciencia animal, Ciencia de productos lácteos
oecd::Ciencias agrícolas::Ciencia animal, Ciencia de productos lácteos::Ciencia animal, Ciencia de productos lácteos = Ciencia animal, Ciencia de productos lácteos
oecd::Ciencias agrícolas::Ciencia animal, Ciencia de productos lácteos::Agricultura = Agricultura
oecd::Ciencias agrícolas::Ciencia animal, Ciencia de productos lácteos::Crías y mascotas = Crías y mascotas
oecd::Ciencias agrícolas::Ciencia veterinaria = Ciencia veterinaria
oecd::Ciencias agrícolas::Ciencia veterinaria::Ciencia veterinaria = Ciencia veterinaria
oecd::Ciencias agrícolas::Biotecnología agrícola = Biotecnología agrícola
oecd::Ciencias agrícolas::Biotecnología agrícola::Biotecnología agrícola, Biotecnología alimentaria = Biotecnología agrícola, Biotecnología alimentaria
oecd::Ciencias agrícolas::Biotecnología agrícola::Tecnología de modificación genética = Tecnología de modificación genética
oecd::Ciencias agrícolas::Biotecnología agrícola::Ética relacionada con la biotecnología agrícola = Ética relacionada con la biotecnología agrícola
oecd::Ciencias agrícolas::Otras ciencias agrícolas = Otras ciencias agrícolas
oecd::Ciencias sociales = Ciencias sociales
oecd::Ciencias sociales::Psicología = Psicología
oecd::Ciencias sociales::Psicología::Psicología (incluye relaciones hombre-máquina) = Psicología (incluye relaciones hombre-máquina)
oecd::Ciencias sociales::Psicología::Psicología (incluye terapias de aprendizaje, habla, visual y otras discapacidades físicas y mentales) = Psicología (incluye terapias de aprendizaje, habla, visual y otras discapacidades físicas y mentales)
oecd::Ciencias sociales::Economía, Negocios = Economía, Negocios
oecd::Ciencias sociales::Economía, Negocios::Economía = Economía
oecd::Ciencias sociales::Economía, Negocios::Econometría = Econometría
oecd::Ciencias sociales::Economía, Negocios::Relaciones Industriales = Relaciones Industriales
oecd::Ciencias sociales::Economía, Negocios::Negocios, Administración = Negocios, Administración
oecd::Ciencias sociales::Ciencias de la educación = Ciencias de la educación
oecd::Ciencias sociales::Ciencias de la educación::Educación general (incluye capacitación, pedadogía) = Educación general (incluye capacitación, pedadogía)
oecd::Ciencias sociales::Ciencias de la educación::Educacion especial (para estudiantes dotados y aquellos con dificultades del apredizaje) = Educacion especial (para estudiantes dotados y aquellos con dificultades del apredizaje)
oecd::Ciencias sociales::Sociología = Sociología
oecd::Ciencias sociales::Sociología::Sociología = Sociología
oecd::Ciencias sociales::Sociología::Demografía = Demografía
oecd::Ciencias sociales::Sociología::Antropología = Antropología
oecd::Ciencias sociales::Sociología::Etnología = Etnología
oecd::Ciencias sociales::Sociología::Temas sociales = Temas sociales
oecd::Ciencias sociales::Derecho = Derecho
oecd::Ciencias sociales::Derecho::Derecho = Derecho
oecd::Ciencias sociales::Derecho::Derecho penal = Derecho penal
oecd::Ciencias sociales::Derecho::Criminología = Criminología
oecd::Ciencias sociales::Ciencias políticas = Ciencias políticas
oecd::Ciencias sociales::Ciencias políticas::Ciencia política = Ciencia política
oecd::Ciencias sociales::Ciencias políticas::Administración pública = Administración pública
oecd::Ciencias sociales::Ciencias políticas::Teoría organizacional = Teoría organizacional
oecd::Ciencias sociales::Geografía social, Geografía económica = Geografía social, Geografía económica
oecd::Ciencias sociales::Geografía social, Geografía económica::Ciencias ambientales = Ciencias ambientales
oecd::Ciencias sociales::Geografía social, Geografía económica::Geografía económica y cultural = Geografía económica y cultural
oecd::Ciencias sociales::Geografía social, Geografía económica::Estudios urbanos = Estudios urbanos
oecd::Ciencias sociales::Geografía social, Geografía económica::Planificación del transporte y aspectos sociales del transporte = Planificación del transporte y aspectos sociales del transporte
oecd::Ciencias sociales::Comunicación, Medios de comunicación = Comunicación, Medios de comunicación
oecd::Ciencias sociales::Comunicación, Medios de comunicación::Periodismo = Periodismo
oecd::Ciencias sociales::Comunicación, Medios de comunicación::Ciencias de la Información = Ciencias de la Información
oecd::Ciencias sociales::Comunicación, Medios de comunicación::Bibliotecología = Bibliotecología
oecd::Ciencias sociales::Comunicación, Medios de comunicación::Medios de comunicación, Comunicación socio-cultural = Medios de comunicación, Comunicación socio-cultural
oecd::Ciencias sociales::Otras ciencias sociales = Otras ciencias sociales
oecd::Ciencias sociales::Otras ciencias sociales::Interdisciplinariedad = Interdisciplinariedad
oecd::Ciencias sociales::Otras ciencias sociales::Otras ciencias sociales = Otras ciencias sociales
oecd::Humanidades = Humanidades
oecd::Humanidades::Historia, Arqueología = Historia, Arqueología
oecd::Humanidades::Historia, Arqueología::Historia = Historia
oecd::Humanidades::Historia, Arqueología::Arqueología = Arqueología
oecd::Humanidades::Lenguas, Literatura = Lenguas, Literatura
oecd::Humanidades::Lenguas, Literatura::Estudios generales de idiomas = Estudios generales de idiomas
oecd::Humanidades::Lenguas, Literatura::Idiomas específicos = Idiomas específicos
oecd::Humanidades::Lenguas, Literatura::Estudios de literatura general = Estudios de literatura general
oecd::Humanidades::Lenguas, Literatura::Teoría literaria = Teoría literaria
oecd::Humanidades::Lenguas, Literatura::Literaturas específicas = Literaturas específicas
oecd::Humanidades::Lenguas, Literatura::Lingüística = Lingüística
oecd::Humanidades::Filosofía, Ética, Religión = Filosofía, Ética, Religión
oecd::Humanidades::Filosofía, Ética, Religión::Filosofía = Filosofía
oecd::Humanidades::Filosofía, Ética, Religión::Historia y filosofía de la ciencia y la tecnología = Historia y filosofía de la ciencia y la tecnología
oecd::Humanidades::Filosofía, Ética, Religión::Ética = Ética
oecd::Humanidades::Filosofía, Ética, Religión::Teología = Teología
oecd::Humanidades::Filosofía, Ética, Religión::Estudios religiosos = Estudios religiosos
oecd::Humanidades::Arte = Arte
oecd::Humanidades::Arte::Arte = Arte
oecd::Humanidades::Arte::Historia del arte = Historia del arte
oecd::Humanidades::Arte::Diseño arquitectónico = Diseño arquitectónico
oecd::Humanidades::Arte::Artes de la representación (musicología, ciencias del teatro, dramaturgia) = Artes de la representación (musicología, ciencias del teatro, dramaturgia)
oecd::Humanidades::Arte::Estudio del folklore = Estudio del folklore
oecd::Humanidades::Arte::Estudios en cine, Estudios en radio, Estudios en televisión = Estudios en cine, Estudios en radio, Estudios en televisión
oecd::Humanidades::Arte::Música = Música
oecd::Humanidades::Arte::Arquitectura y urbanismo = Arquitectura y urbanismo
oecd::Humanidades::Arte::Diseño industrial y otros diseños = Diseño industrial y otros diseños
oecd::Humanidades::Otras humanidades = Otras humanidades
oecd::Humanidades::Otras humanidades::Otras humanidades = Otras humanidades